{
	"credit": "Made with Blockbench",
	"texture_size": [64, 48],
	"textures": {
		"0": "painting/donkey_kong",
		"particle": "painting/donkey_kong"
	},
	"elements": [
		{
			"from": [0, 0, -16],
			"to": [16, 32, 32],
			"rotation": {"angle": 0, "axis": "y", "origin": [0, 16, 0]},
			"faces": {
				"north": {"uv": [0, 0, 4, 16], "texture": "#0"},
				"east": {"uv": [0, 0, 16, 16], "texture": "#0"},
				"south": {"uv": [0, 0, 4, 16], "texture": "#0"},
				"west": {"uv": [0, 0, 16, 16], "texture": "#0"},
				"up": {"uv": [0, 0, 12, 5.33333], "rotation": 90, "texture": "#0"},
				"down": {"uv": [0, 0, 12, 5.33333], "rotation": 90, "texture": "#0"}
			}
		}
	]
}