{
	"credit": "Made with Blockbench",
	"texture_size": [64, 48],
	"textures": {
		"0": "custom:item/paintings/hotel_wall",
		"particle": "custom:item/paintings/hotel_wall"
	},
	"elements": [
		{
			"from": [-8, 0, 4],
			"to": [24, 24, 12],
			"rotation": {"angle": 0, "axis": "y", "origin": [0, 12, 8]},
			"faces": {
				"north": {"uv": [0, 0, 16, 16], "texture": "#0"},
				"east": {"uv": [0, 0, 4, 16], "texture": "#0"},
				"south": {"uv": [0, 0, 16, 16], "texture": "#0"},
				"west": {"uv": [0, 0, 4, 16], "texture": "#0"},
				"up": {"uv": [0, 0, 12, 5.33333], "texture": "#0"},
				"down": {"uv": [0, 0, 12, 5.33333], "texture": "#0"}
			}
		},
		{
			"from": [0, 0, 5],
			"to": [8, 8, 12],
			"rotation": {"angle": 0, "axis": "y", "origin": [0, 0, 4]},
			"color": 3,
			"faces": {
				"north": {"uv": [0, 0, 2, 2.66667], "texture": "#missing"},
				"east": {"uv": [0, 0, 1.75, 2.66667], "texture": "#missing"},
				"south": {"uv": [0, 0, 2, 2.66667], "texture": "#missing"},
				"west": {"uv": [0, 0, 1.75, 2.66667], "texture": "#missing"},
				"up": {"uv": [0, 0, 2, 2.33333], "texture": "#missing"},
				"down": {"uv": [0, 0, 2, 2.33333], "texture": "#missing"}
			}
		}
	],
	"display": {
		"thirdperson_righthand": {
			"scale": [0.25, 0.25, 0.25]
		},
		"thirdperson_lefthand": {
			"scale": [0.25, 0.25, 0.25]
		},
		"firstperson_righthand": {
			"scale": [0.25, 0.25, 0.25]
		},
		"firstperson_lefthand": {
			"scale": [0.25, 0.25, 0.25]
		},
		"ground": {
			"scale": [0.5, 0.5, 0.5]
		},
		"gui": {
			"scale": [0.5, 0.5, 0.5]
		},
		"head": {
			"scale": [3, 3, 3]
		},
		"fixed": {
			"scale": [0.5, 0.5, 0.5]
		}
	}
}