{
    "model": {
        "type": "range_dispatch",
        "property": "custom_model_data",
        "fallback": {
            "type": "model",
            "model": "minecraft:item/ender_pearl"
        },
        "entries": [
            {
                "threshold": 1,
                "model": {
                    "type": "model",
                    "model": "custom:item/lols/souls/red"
                }
            },
            {
                "threshold": 2,
                "model": {
                    "type": "model",
                    "model": "custom:item/lols/souls/orange"
                }
            },
            {
                "threshold": 3,
                "model": {
                    "type": "model",
                    "model": "custom:item/lols/souls/yellow"
                }
            },
            {
                "threshold": 4,
                "model": {
                    "type": "model",
                    "model": "custom:item/lols/souls/green"
                }
            },
            {
                "threshold": 5,
                "model": {
                    "type": "model",
                    "model": "custom:item/lols/souls/blue"
                }
            },
            {
                "threshold": 6,
                "model": {
                    "type": "model",
                    "model": "custom:item/lols/souls/purple"
                }
            },
            {
                "threshold": 7,
                "model": {
                    "type": "model",
                    "model": "custom:item/lols/souls/magenta"
                }
            },
            {
                "threshold": 8,
                "model": {
                    "type": "model",
                    "model": "custom:item/lols/souls/brown"
                }
            },
            {
                "threshold": 9,
                "model": {
                    "type": "model",
                    "model": "custom:item/lols/souls/dark_grey"
                }
            },
            {
                "threshold": 10,
                "model": {
                    "type": "model",
                    "model": "custom:item/lols/souls/light_grey"
                }
            },
            {
                "threshold": 11,
                "model": {
                    "type": "model",
                    "model": "custom:item/lols/totem"
                }
            },
            {
                "threshold": 999,
                "model": {
                    "type": "model",
                    "model": "minecraft:item/ender_pearl"
                }
            }
        ]
    }
}