{
    "model": {
        "type": "range_dispatch",
        "property": "custom_model_data",
        "fallback": {
            "type": "model",
            "model": "minecraft:item/totem_of_undying"
        },
        "entries": [
            {
                "threshold": 1,
                "model": {
                    "type": "model",
                    "model": "custom:item/totems/dustryd_totem"
                }
            },
            {
                "threshold": 2,
                "model": {
                    "type": "model",
                    "model": "custom:item/totems/erdorn_totem"
                }
            },
            {
                "threshold": 3,
                "model": {
                    "type": "model",
                    "model": "custom:item/totems/blob209_totem"
                }
            },
            {
                "threshold": 4,
                "model": {
                    "type": "model",
                    "model": "custom:item/totems/browniegirl0_totem"
                }
            },
            {
                "threshold": 5,
                "model": {
                    "type": "model",
                    "model": "custom:item/totems/beekyb_totem"
                }
            },
            {
                "threshold": 6,
                "model": {
                    "type": "model",
                    "model": "custom:item/totems/alariann458_totem"
                }
            },
            {
                "threshold": 7,
                "model": {
                    "type": "model",
                    "model": "custom:item/totems/despairsfavorite_totem"
                }
            },
            {
                "threshold": 8,
                "model": {
                    "type": "model",
                    "model": "custom:item/totems/lockdown54321_totem"
                }
            },
            {
                "threshold": 999,
                "model": {
                    "type": "model",
                    "model": "minecraft:item/totem_of_undying"
                }
            }
        ]
    }
}