{
    "model": {
        "type": "range_dispatch",
        "property": "custom_model_data",
        "fallback": {
            "type": "model",
            "model": "minecraft:item/iron_nugget"
        },
        "entries": [
            {
                "threshold": 1,
                "model": {
                    "type": "model",
                    "model": "custom:item/lols/keys/orange"
                }
            },
            {
                "threshold": 2,
                "model": {
                    "type": "model",
                    "model": "custom:item/lols/candle"
                }
            },
            {
                "threshold": 3,
                "model": {
                    "type": "model",
                    "model": "custom:item/lols/scrolls/shadow"
                }
            },
            {
                "threshold": 4,
                "model": {
                    "type": "model",
                    "model": "custom:item/lols/scrolls/blood"
                }
            },
            {
                "threshold": 5,
                "model": {
                    "type": "model",
                    "model": "custom:item/lols/scrolls/fire"
                }
            },
            {
                "threshold": 6,
                "model": {
                    "type": "model",
                    "model": "custom:item/lols/scrolls/earth"
                }
            },
            {
                "threshold": 7,
                "model": {
                    "type": "model",
                    "model": "custom:item/lols/scrolls/water"
                }
            },
            {
                "threshold": 8,
                "model": {
                    "type": "model",
                    "model": "custom:item/lols/scrolls/sun"
                }
            },
            {
                "threshold": 9,
                "model": {
                    "type": "model",
                    "model": "custom:item/lols/scrolls/heart"
                }
            },
            {
                "threshold": 10,
                "model": {
                    "type": "model",
                    "model": "custom:item/lols/scrolls/light"
                }
            },
            {
                "threshold": 11,
                "model": {
                    "type": "model",
                    "model": "custom:item/lols/scrolls/savior"
                }
            },
            {
                "threshold": 12,
                "model": {
                    "type": "model",
                    "model": "custom:item/lols/ring"
                }
            },
            {
                "threshold": 13,
                "model": {
                    "type": "model",
                    "model": "custom:item/paradox/skeleton_key"
                }
            },
            {
                "threshold": 14,
                "model": {
                    "type": "model",
                    "model": "custom:item/paradox/access_card"
                }
            },
            {
                "threshold": 15,
                "model": {
                    "type": "model",
                    "model": "custom:item/paradox/adventurer"
                }
            },
            {
                "threshold": 16,
                "model": {
                    "type": "model",
                    "model": "custom:item/paradox/alert"
                }
            },
            {
                "threshold": 17,
                "model": {
                    "type": "model",
                    "model": "custom:item/paradox/chandler"
                }
            },
            {
                "threshold": 18,
                "model": {
                    "type": "model",
                    "model": "custom:item/paradox/destitute"
                }
            },
            {
                "threshold": 19,
                "model": {
                    "type": "model",
                    "model": "custom:item/paradox/duality"
                }
            },
            {
                "threshold": 20,
                "model": {
                    "type": "model",
                    "model": "custom:item/paradox/elusive"
                }
            },
            {
                "threshold": 21,
                "model": {
                    "type": "model",
                    "model": "custom:item/paradox/evade"
                }
            },
            {
                "threshold": 22,
                "model": {
                    "type": "model",
                    "model": "custom:item/paradox/greed"
                }
            },
            {
                "threshold": 23,
                "model": {
                    "type": "model",
                    "model": "custom:item/paradox/harvester"
                }
            },
            {
                "threshold": 24,
                "model": {
                    "type": "model",
                    "model": "custom:item/paradox/hero"
                }
            },
            {
                "threshold": 25,
                "model": {
                    "type": "model",
                    "model": "custom:item/paradox/hurdle"
                }
            },
            {
                "threshold": 26,
                "model": {
                    "type": "model",
                    "model": "custom:item/paradox/knight"
                }
            },
            {
                "threshold": 27,
                "model": {
                    "type": "model",
                    "model": "custom:item/paradox/luck"
                }
            },
            {
                "threshold": 28,
                "model": {
                    "type": "model",
                    "model": "custom:item/paradox/neglect"
                }
            },
            {
                "threshold": 29,
                "model": {
                    "type": "model",
                    "model": "custom:item/paradox/prosperity"
                }
            },
            {
                "threshold": 30,
                "model": {
                    "type": "model",
                    "model": "custom:item/paradox/renovate"
                }
            },
            {
                "threshold": 31,
                "model": {
                    "type": "model",
                    "model": "custom:item/paradox/rogue"
                }
            },
            {
                "threshold": 32,
                "model": {
                    "type": "model",
                    "model": "custom:item/paradox/room_key"
                }
            },
            {
                "threshold": 33,
                "model": {
                    "type": "model",
                    "model": "custom:item/paradox/stratagem"
                }
            },
            {
                "threshold": 34,
                "model": {
                    "type": "model",
                    "model": "custom:item/paradox/wizard"
                }
            },
            {
                "threshold": 35,
                "model": {
                    "type": "model",
                    "model": "custom:item/paradox/treasure"
                }
            },
            {
                "threshold": 36,
                "model": {
                    "type": "model",
                    "model": "custom:item/paradox/237"
                }
            },
            {
                "threshold": 37,
                "model": {
                    "type": "model",
                    "model": "custom:item/paradox/baseball-bat"
                }
            },
            {
                "threshold": 38,
                "model": {
                    "type": "model",
                    "model": "custom:item/paradox/crimson-flood"
                }
            },
            {
                "threshold": 39,
                "model": {
                    "type": "model",
                    "model": "custom:item/paradox/fireaxe"
                }
            },
            {
                "threshold": 40,
                "model": {
                    "type": "model",
                    "model": "custom:item/paradox/knife"
                }
            },
            {
                "threshold": 41,
                "model": {
                    "type": "model",
                    "model": "custom:item/paradox/redrum"
                }
            },
            {
                "threshold": 42,
                "model": {
                    "type": "model",
                    "model": "custom:item/paradox/tennis-ball"
                }
            },
            {
                "threshold": 43,
                "model": {
                    "type": "model",
                    "model": "custom:item/paradox/tricycle"
                }
            },
            {
                "threshold": 44,
                "model": {
                    "type": "model",
                    "model": "custom:item/paradox/typewriter"
                }
            },
            {
                "threshold": 45,
                "model": {
                    "type": "model",
                    "model": "custom:item/paradox/invitation"
                }
            },
            {
                "threshold": 46,
                "model": {
                    "type": "model",
                    "model": "custom:item/paradox/voucher"
                }
            },
            {
                "threshold": 47,
                "model": {
                    "type": "model",
                    "model": "custom:item/paradox/cleric"
                }
            },
            {
                "threshold": 48,
                "model": {
                    "type": "model",
                    "model": "custom:item/paradox/ranger"
                }
            },
            {
                "threshold": 49,
                "model": {
                    "type": "model",
                    "model": "custom:item/paradox/speedster"
                }
            },
            {
                "threshold": 50,
                "model": {
                    "type": "model",
                    "model": "custom:item/paradox/barbarian"
                }
            },
             {
                "threshold": 51,
                "model": {
                    "type": "model",
                    "model": "custom:item/paradox/dungeon_master"
                }
            },
            {
                "threshold": 999,
                "model": {
                    "type": "model",
                    "model": "minecraft:item/iron_nugget"
                }
            }
        ]
    }
}